年份,观看时间,电影,片源地,特效厅
2026,2026-01-31,闪灵,美国,
2026,2026-02-14,爱乐之城,美国,IMAX
2026,2026-03-28,挽救计划,美国,IMAX
2026,2026-05-01,挽救计划,美国,IMAX
2026,2026-06-11,给阿嬷的情书,中国,
2026,2026-06-11,火遮眼,中国,
2026,2026-06-14,诺曼底72小时,法国,
2026,2026-06-18,记忆碎片,美国,
2026,2026-06-27,四渡,中国,IMAX
2026,2026-06-28,后室,美国,
2026,2026-07-03,小黄人与大怪兽,美国,IMAX
2026,2026-07-06,三国第一部：争洛阳,中国,
2026,2026-07-10,海洋奇缘：启航,美国,
2026,2026-07-11,三国第一部：争洛阳,中国,CINITY
2026,2026-07-24,痴迷,美国,
2026,2026-08-09,欢迎来龙餐馆,中国,
2026,2026-08-14,奥德赛,美国,IMAX
2026,2026-08-17,奥德赛,美国,IMAX
2026,2026-08-20,空枪,中国,
2026,2026-08-21,机器人总动员,美国,
2026,2026-08-28,肖申克的救赎,美国,
2026,2026-08-30,杀死比尔：血色全传,美国,CINITY
2026,2026-09-25,老江湖,中国,
2026,2026-09-25,敦煌英雄,中国,
2026,2026-09-30,野兽之心,美国,
2026,2026-10-01,神探之痕迹,中国,VLED
2026,2026-10-05,生化危机：爆发夜,美国,IMAX
